id,n_round,content,first_name,username,year,correction,relevant
1490,1,"Acabei de intermediar com @LeonardoBiofarm, presidente do @americadenatal, a disponibiliza√ß√£o da sede social do Am√©rica √† SMS para que l√° seja instalado um posto de vacina√ß√£o para os idosos.  #COVID„Éº19 #juntossomosmaisfortes #TodosContraOCoronaVirus",martin,martinmaitino,2020,1,1
1490,1,"Acabei de intermediar com @LeonardoBiofarm, presidente do @americadenatal, a disponibiliza√ß√£o da sede social do Am√©rica √† SMS para que l√° seja instalado um posto de vacina√ß√£o para os idosos.  #COVID„Éº19 #juntossomosmaisfortes #TodosContraOCoronaVirus",Luan,andreata,2020,1,1
1490,1,"Acabei de intermediar com @LeonardoBiofarm, presidente do @americadenatal, a disponibiliza√ß√£o da sede social do Am√©rica √† SMS para que l√° seja instalado um posto de vacina√ß√£o para os idosos.  #COVID„Éº19 #juntossomosmaisfortes #TodosContraOCoronaVirus",Thiago,thiago_padovani,2020,1,1
1490,1,"Acabei de intermediar com @LeonardoBiofarm, presidente do @americadenatal, a disponibiliza√ß√£o da sede social do Am√©rica √† SMS para que l√° seja instalado um posto de vacina√ß√£o para os idosos.  #COVID„Éº19 #juntossomosmaisfortes #TodosContraOCoronaVirus",Eduardo,eduulauren,2020,1,1
1490,1,"Acabei de intermediar com @LeonardoBiofarm, presidente do @americadenatal, a disponibiliza√ß√£o da sede social do Am√©rica √† SMS para que l√° seja instalado um posto de vacina√ß√£o para os idosos.  #COVID„Éº19 #juntossomosmaisfortes #TodosContraOCoronaVirus",YUANYUAN,LuYuanyuanAdriana,2020,1,1
1993,1,"#X√¥InsanidadeSanit√°ria Campanha de publicidade vencedora no Uruguai. Alerta, sem dizer uma palavra que #IgnoranciaMata. N√£o s√≥ o Ignorante mas todos aqueles que ele contamina. #SeCuidem #SeAfastem #UsemM√°scara #MantenhamCautelas ",martin,martinmaitino,2020,1,0
1993,1,"#X√¥InsanidadeSanit√°ria Campanha de publicidade vencedora no Uruguai. Alerta, sem dizer uma palavra que #IgnoranciaMata. N√£o s√≥ o Ignorante mas todos aqueles que ele contamina. #SeCuidem #SeAfastem #UsemM√°scara #MantenhamCautelas ",Luan,andreata,2020,1,0
1993,1,"#X√¥InsanidadeSanit√°ria Campanha de publicidade vencedora no Uruguai. Alerta, sem dizer uma palavra que #IgnoranciaMata. N√£o s√≥ o Ignorante mas todos aqueles que ele contamina. #SeCuidem #SeAfastem #UsemM√°scara #MantenhamCautelas ",Thiago,thiago_padovani,2020,1,0
1993,1,"#X√¥InsanidadeSanit√°ria Campanha de publicidade vencedora no Uruguai. Alerta, sem dizer uma palavra que #IgnoranciaMata. N√£o s√≥ o Ignorante mas todos aqueles que ele contamina. #SeCuidem #SeAfastem #UsemM√°scara #MantenhamCautelas ",Eduardo,eduulauren,2020,1,0
1993,1,"#X√¥InsanidadeSanit√°ria Campanha de publicidade vencedora no Uruguai. Alerta, sem dizer uma palavra que #IgnoranciaMata. N√£o s√≥ o Ignorante mas todos aqueles que ele contamina. #SeCuidem #SeAfastem #UsemM√°scara #MantenhamCautelas ",YUANYUAN,LuYuanyuanAdriana,2020,1,0
2066,1,"Ao ministro Eduardo Pazuello, questionei sobre a produ√ß√£o e distribui√ß√£o de sedativos, adjuvantes na seda√ß√£o e relaxantes musculares utilizados no processo de intuba√ß√£o orotraqueal e sobre gastos e produ√ß√£o de rem√©dios com os compostos da cloroquina e hidroxicloroquina.",martin,martinmaitino,2020,1,1
2066,1,"Ao ministro Eduardo Pazuello, questionei sobre a produ√ß√£o e distribui√ß√£o de sedativos, adjuvantes na seda√ß√£o e relaxantes musculares utilizados no processo de intuba√ß√£o orotraqueal e sobre gastos e produ√ß√£o de rem√©dios com os compostos da cloroquina e hidroxicloroquina.",Luan,andreata,2020,1,1
2066,1,"Ao ministro Eduardo Pazuello, questionei sobre a produ√ß√£o e distribui√ß√£o de sedativos, adjuvantes na seda√ß√£o e relaxantes musculares utilizados no processo de intuba√ß√£o orotraqueal e sobre gastos e produ√ß√£o de rem√©dios com os compostos da cloroquina e hidroxicloroquina.",Thiago,thiago_padovani,2020,1,1
2066,1,"Ao ministro Eduardo Pazuello, questionei sobre a produ√ß√£o e distribui√ß√£o de sedativos, adjuvantes na seda√ß√£o e relaxantes musculares utilizados no processo de intuba√ß√£o orotraqueal e sobre gastos e produ√ß√£o de rem√©dios com os compostos da cloroquina e hidroxicloroquina.",Eduardo,eduulauren,2020,1,1
2066,1,"Ao ministro Eduardo Pazuello, questionei sobre a produ√ß√£o e distribui√ß√£o de sedativos, adjuvantes na seda√ß√£o e relaxantes musculares utilizados no processo de intuba√ß√£o orotraqueal e sobre gastos e produ√ß√£o de rem√©dios com os compostos da cloroquina e hidroxicloroquina.",YUANYUAN,LuYuanyuanAdriana,2020,0,1
2251,1,"Coronav√≠rus de Bolsonaro n√£o l√™ grupos de WhatsApp e por isso n√£o sabe que deve ir embora com cloroquina\n",martin,martinmaitino,2020,0,1
2251,1,"Coronav√≠rus de Bolsonaro n√£o l√™ grupos de WhatsApp e por isso n√£o sabe que deve ir embora com cloroquina\n",Luan,andreata,2020,1,1
2251,1,"Coronav√≠rus de Bolsonaro n√£o l√™ grupos de WhatsApp e por isso n√£o sabe que deve ir embora com cloroquina\n",Thiago,thiago_padovani,2020,1,1
2251,1,"Coronav√≠rus de Bolsonaro n√£o l√™ grupos de WhatsApp e por isso n√£o sabe que deve ir embora com cloroquina\n",Eduardo,eduulauren,2020,1,1
2251,1,"Coronav√≠rus de Bolsonaro n√£o l√™ grupos de WhatsApp e por isso n√£o sabe que deve ir embora com cloroquina\n",YUANYUAN,LuYuanyuanAdriana,2020,0,1
2309,1,"Por que a cloroquina √© a cura para uma doen√ßa que eles dizem que n√£o existe? Como assim? Expliquem melhor pra gente! #Cloroquina #ForaBolsonaro",martin,martinmaitino,2020,1,1
2309,1,"Por que a cloroquina √© a cura para uma doen√ßa que eles dizem que n√£o existe? Como assim? Expliquem melhor pra gente! #Cloroquina #ForaBolsonaro",Luan,andreata,2020,1,1
2309,1,"Por que a cloroquina √© a cura para uma doen√ßa que eles dizem que n√£o existe? Como assim? Expliquem melhor pra gente! #Cloroquina #ForaBolsonaro",Thiago,thiago_padovani,2020,1,1
2309,1,"Por que a cloroquina √© a cura para uma doen√ßa que eles dizem que n√£o existe? Como assim? Expliquem melhor pra gente! #Cloroquina #ForaBolsonaro",Eduardo,eduulauren,2020,1,1
2309,1,"Por que a cloroquina √© a cura para uma doen√ßa que eles dizem que n√£o existe? Como assim? Expliquem melhor pra gente! #Cloroquina #ForaBolsonaro",YUANYUAN,LuYuanyuanAdriana,2020,1,1
2349,1,"A INSTRUMENTALIZA√á√ÉO POL√çTICA DO PODER JUDICI√ÅRIO √â O C√ÇNCER DE UMA DEMOCRACIA. N√£o queremos fechar o @STF_oficial , n√£o temos poder para isso, s√£o outros tempos. Mas, queremos que voc√™s CRIEM VERGONHA NA CARA E HAJAM COMO MINISTROS,N√ÉO COMO MILITANTES.  #STFVergonhaNacional",martin,martinmaitino,2020,1,0
2349,1,"A INSTRUMENTALIZA√á√ÉO POL√çTICA DO PODER JUDICI√ÅRIO √â O C√ÇNCER DE UMA DEMOCRACIA. N√£o queremos fechar o @STF_oficial , n√£o temos poder para isso, s√£o outros tempos. Mas, queremos que voc√™s CRIEM VERGONHA NA CARA E HAJAM COMO MINISTROS,N√ÉO COMO MILITANTES.  #STFVergonhaNacional",Luan,andreata,2020,0,0
2349,1,"A INSTRUMENTALIZA√á√ÉO POL√çTICA DO PODER JUDICI√ÅRIO √â O C√ÇNCER DE UMA DEMOCRACIA. N√£o queremos fechar o @STF_oficial , n√£o temos poder para isso, s√£o outros tempos. Mas, queremos que voc√™s CRIEM VERGONHA NA CARA E HAJAM COMO MINISTROS,N√ÉO COMO MILITANTES.  #STFVergonhaNacional",Thiago,thiago_padovani,2020,0,0
2349,1,"A INSTRUMENTALIZA√á√ÉO POL√çTICA DO PODER JUDICI√ÅRIO √â O C√ÇNCER DE UMA DEMOCRACIA. N√£o queremos fechar o @STF_oficial , n√£o temos poder para isso, s√£o outros tempos. Mas, queremos que voc√™s CRIEM VERGONHA NA CARA E HAJAM COMO MINISTROS,N√ÉO COMO MILITANTES.  #STFVergonhaNacional",Eduardo,eduulauren,2020,1,0
2349,1,"A INSTRUMENTALIZA√á√ÉO POL√çTICA DO PODER JUDICI√ÅRIO √â O C√ÇNCER DE UMA DEMOCRACIA. N√£o queremos fechar o @STF_oficial , n√£o temos poder para isso, s√£o outros tempos. Mas, queremos que voc√™s CRIEM VERGONHA NA CARA E HAJAM COMO MINISTROS,N√ÉO COMO MILITANTES.  #STFVergonhaNacional",YUANYUAN,LuYuanyuanAdriana,2020,1,0
2452,1,"Hoje √© o terceiro dia que eu me dedico a assistir v√≠deo-aulas de f√≠sica moderna e v√≠deos do Carl Sagan.",martin,martinmaitino,2020,1,0
2452,1,"Hoje √© o terceiro dia que eu me dedico a assistir v√≠deo-aulas de f√≠sica moderna e v√≠deos do Carl Sagan.",Luan,andreata,2020,0,0
2452,1,"Hoje √© o terceiro dia que eu me dedico a assistir v√≠deo-aulas de f√≠sica moderna e v√≠deos do Carl Sagan.",Thiago,thiago_padovani,2020,0,0
2452,1,"Hoje √© o terceiro dia que eu me dedico a assistir v√≠deo-aulas de f√≠sica moderna e v√≠deos do Carl Sagan.",Eduardo,eduulauren,2020,1,0
2452,1,"Hoje √© o terceiro dia que eu me dedico a assistir v√≠deo-aulas de f√≠sica moderna e v√≠deos do Carl Sagan.",YUANYUAN,LuYuanyuanAdriana,2020,1,0
2582,1,"Zanotto √© adepto do tratamento ambulatorial com hidroxicloroquina. ",martin,martinmaitino,2020,1,1
2582,1,"Zanotto √© adepto do tratamento ambulatorial com hidroxicloroquina. ",Luan,andreata,2020,1,1
2582,1,"Zanotto √© adepto do tratamento ambulatorial com hidroxicloroquina. ",Thiago,thiago_padovani,2020,1,1
2582,1,"Zanotto √© adepto do tratamento ambulatorial com hidroxicloroquina. ",Eduardo,eduulauren,2020,1,1
2582,1,"Zanotto √© adepto do tratamento ambulatorial com hidroxicloroquina. ",YUANYUAN,LuYuanyuanAdriana,2020,1,1
2767,1,"(Artigo da psic√≥loga Marisa Lobo): ""Legal ou ilegal, o aborto causa traumas"" - #NalutacontraAborto ",martin,martinmaitino,2020,1,0
2767,1,"(Artigo da psic√≥loga Marisa Lobo): ""Legal ou ilegal, o aborto causa traumas"" - #NalutacontraAborto ",Luan,andreata,2020,0,0
2767,1,"(Artigo da psic√≥loga Marisa Lobo): ""Legal ou ilegal, o aborto causa traumas"" - #NalutacontraAborto ",Thiago,thiago_padovani,2020,1,0
2767,1,"(Artigo da psic√≥loga Marisa Lobo): ""Legal ou ilegal, o aborto causa traumas"" - #NalutacontraAborto ",Eduardo,eduulauren,2020,1,0
2767,1,"(Artigo da psic√≥loga Marisa Lobo): ""Legal ou ilegal, o aborto causa traumas"" - #NalutacontraAborto ",YUANYUAN,LuYuanyuanAdriana,2020,1,0
3328,1,"A prioridade deveria ser opera√ß√µes m√©dicas, sanit√°rias e sociais, e n√£o opera√ß√£o policial. Desumanidade, a favela padece c/ o coronav√≠rus, falta √°gua e est√£o levando dias p/ retirar os corpos de familiares q morreram em casa, mas a a√ß√£o  do Estado vem do bra√ßo armado. At√© quando? ",martin,martinmaitino,2020,1,0
3328,1,"A prioridade deveria ser opera√ß√µes m√©dicas, sanit√°rias e sociais, e n√£o opera√ß√£o policial. Desumanidade, a favela padece c/ o coronav√≠rus, falta √°gua e est√£o levando dias p/ retirar os corpos de familiares q morreram em casa, mas a a√ß√£o  do Estado vem do bra√ßo armado. At√© quando? ",Luan,andreata,2020,0,0
3328,1,"A prioridade deveria ser opera√ß√µes m√©dicas, sanit√°rias e sociais, e n√£o opera√ß√£o policial. Desumanidade, a favela padece c/ o coronav√≠rus, falta √°gua e est√£o levando dias p/ retirar os corpos de familiares q morreram em casa, mas a a√ß√£o  do Estado vem do bra√ßo armado. At√© quando? ",Thiago,thiago_padovani,2020,1,0
3328,1,"A prioridade deveria ser opera√ß√µes m√©dicas, sanit√°rias e sociais, e n√£o opera√ß√£o policial. Desumanidade, a favela padece c/ o coronav√≠rus, falta √°gua e est√£o levando dias p/ retirar os corpos de familiares q morreram em casa, mas a a√ß√£o  do Estado vem do bra√ßo armado. At√© quando? ",Eduardo,eduulauren,2020,0,0
3328,1,"A prioridade deveria ser opera√ß√µes m√©dicas, sanit√°rias e sociais, e n√£o opera√ß√£o policial. Desumanidade, a favela padece c/ o coronav√≠rus, falta √°gua e est√£o levando dias p/ retirar os corpos de familiares q morreram em casa, mas a a√ß√£o  do Estado vem do bra√ßo armado. At√© quando? ",YUANYUAN,LuYuanyuanAdriana,2020,0,0
4192,1,"@hznoficial Cadastro no SASI, cart√£o do SUS e documento original de identifica√ß√£o com foto.\n\nA carteira de vacina√ß√£o da covid √© entregue no ato da vacina, n√£o se preocupe com isso.",Cissa,cissabrettas,2021,1,1
4192,1,"@hznoficial Cadastro no SASI, cart√£o do SUS e documento original de identifica√ß√£o com foto.\n\nA carteira de vacina√ß√£o da covid √© entregue no ato da vacina, n√£o se preocupe com isso.",Pedro,plgodoi,2021,1,1
4192,1,"@hznoficial Cadastro no SASI, cart√£o do SUS e documento original de identifica√ß√£o com foto.\n\nA carteira de vacina√ß√£o da covid √© entregue no ato da vacina, n√£o se preocupe com isso.",Pamella,pamellagr,2021,1,1
4192,1,"@hznoficial Cadastro no SASI, cart√£o do SUS e documento original de identifica√ß√£o com foto.\n\nA carteira de vacina√ß√£o da covid √© entregue no ato da vacina, n√£o se preocupe com isso.",Mario,mario.rusinov,2021,1,1
4192,1,"@hznoficial Cadastro no SASI, cart√£o do SUS e documento original de identifica√ß√£o com foto.\n\nA carteira de vacina√ß√£o da covid √© entregue no ato da vacina, n√£o se preocupe com isso.",Caio,c.sousa,2021,1,1
4574,1,"Quantas vidas mais ser√£o abreviadas pelo COVID? A cada dia temos perdas irrepar√°veis, amigos, familiares, celebridades, s√≥ a universaliza√ß√£o da vacina√ß√£o resolver√°. Ter√° que ser feita anualmente, uma vez s√≥ n√£o bastar√°. ",Cissa,cissabrettas,2021,1,1
4574,1,"Quantas vidas mais ser√£o abreviadas pelo COVID? A cada dia temos perdas irrepar√°veis, amigos, familiares, celebridades, s√≥ a universaliza√ß√£o da vacina√ß√£o resolver√°. Ter√° que ser feita anualmente, uma vez s√≥ n√£o bastar√°. ",Pedro,plgodoi,2021,1,1
4574,1,"Quantas vidas mais ser√£o abreviadas pelo COVID? A cada dia temos perdas irrepar√°veis, amigos, familiares, celebridades, s√≥ a universaliza√ß√£o da vacina√ß√£o resolver√°. Ter√° que ser feita anualmente, uma vez s√≥ n√£o bastar√°. ",Pamella,pamellagr,2021,1,1
4574,1,"Quantas vidas mais ser√£o abreviadas pelo COVID? A cada dia temos perdas irrepar√°veis, amigos, familiares, celebridades, s√≥ a universaliza√ß√£o da vacina√ß√£o resolver√°. Ter√° que ser feita anualmente, uma vez s√≥ n√£o bastar√°. ",Mario,mario.rusinov,2021,1,1
4574,1,"Quantas vidas mais ser√£o abreviadas pelo COVID? A cada dia temos perdas irrepar√°veis, amigos, familiares, celebridades, s√≥ a universaliza√ß√£o da vacina√ß√£o resolver√°. Ter√° que ser feita anualmente, uma vez s√≥ n√£o bastar√°. ",Caio,c.sousa,2021,1,1
4711,1,"Chapa #ResistirElutar inscrita. Mas continuaremos pressionando pelo adiamento da elei√ß√£o \n\nQueremos um pleito participativo e seguro. Vamos lutar pela vacina√ß√£o ampla da popula√ß√£o contra a pandemia de Covid-19 \n\n#VacinaJ√°\n#Sintufal \n#ForaBolsonaro ‚úäüèΩ ",Cissa,cissabrettas,2021,1,1
4711,1,"Chapa #ResistirElutar inscrita. Mas continuaremos pressionando pelo adiamento da elei√ß√£o \n\nQueremos um pleito participativo e seguro. Vamos lutar pela vacina√ß√£o ampla da popula√ß√£o contra a pandemia de Covid-19 \n\n#VacinaJ√°\n#Sintufal \n#ForaBolsonaro ‚úäüèΩ ",Pedro,plgodoi,2021,1,1
4711,1,"Chapa #ResistirElutar inscrita. Mas continuaremos pressionando pelo adiamento da elei√ß√£o \n\nQueremos um pleito participativo e seguro. Vamos lutar pela vacina√ß√£o ampla da popula√ß√£o contra a pandemia de Covid-19 \n\n#VacinaJ√°\n#Sintufal \n#ForaBolsonaro ‚úäüèΩ ",Pamella,pamellagr,2021,1,1
4711,1,"Chapa #ResistirElutar inscrita. Mas continuaremos pressionando pelo adiamento da elei√ß√£o \n\nQueremos um pleito participativo e seguro. Vamos lutar pela vacina√ß√£o ampla da popula√ß√£o contra a pandemia de Covid-19 \n\n#VacinaJ√°\n#Sintufal \n#ForaBolsonaro ‚úäüèΩ ",Mario,mario.rusinov,2021,1,1
4711,1,"Chapa #ResistirElutar inscrita. Mas continuaremos pressionando pelo adiamento da elei√ß√£o \n\nQueremos um pleito participativo e seguro. Vamos lutar pela vacina√ß√£o ampla da popula√ß√£o contra a pandemia de Covid-19 \n\n#VacinaJ√°\n#Sintufal \n#ForaBolsonaro ‚úäüèΩ ",Caio,c.sousa,2021,1,1
5040,1,"?? Independente da vacina recebida na 1¬™ fase, esse grupo receber√° a da Pfizer, conforme recomenda√ß√£o do @minsaude e @anvisa_oficial . \n\n‚ÄºÔ∏è Documentos: Identidade com foto e cart√£o de vacina√ß√£o como o Certificado Digital de Vacina√ß√£o, dispon√≠vel no ",Cissa,cissabrettas,2021,1,1
5040,1,"?? Independente da vacina recebida na 1¬™ fase, esse grupo receber√° a da Pfizer, conforme recomenda√ß√£o do @minsaude e @anvisa_oficial . \n\n‚ÄºÔ∏è Documentos: Identidade com foto e cart√£o de vacina√ß√£o como o Certificado Digital de Vacina√ß√£o, dispon√≠vel no ",Pedro,plgodoi,2021,1,1
5040,1,"?? Independente da vacina recebida na 1¬™ fase, esse grupo receber√° a da Pfizer, conforme recomenda√ß√£o do @minsaude e @anvisa_oficial . \n\n‚ÄºÔ∏è Documentos: Identidade com foto e cart√£o de vacina√ß√£o como o Certificado Digital de Vacina√ß√£o, dispon√≠vel no ",Pamella,pamellagr,2021,1,1
5040,1,"?? Independente da vacina recebida na 1¬™ fase, esse grupo receber√° a da Pfizer, conforme recomenda√ß√£o do @minsaude e @anvisa_oficial . \n\n‚ÄºÔ∏è Documentos: Identidade com foto e cart√£o de vacina√ß√£o como o Certificado Digital de Vacina√ß√£o, dispon√≠vel no ",Mario,mario.rusinov,2021,1,1
5040,1,"?? Independente da vacina recebida na 1¬™ fase, esse grupo receber√° a da Pfizer, conforme recomenda√ß√£o do @minsaude e @anvisa_oficial . \n\n‚ÄºÔ∏è Documentos: Identidade com foto e cart√£o de vacina√ß√£o como o Certificado Digital de Vacina√ß√£o, dispon√≠vel no ",Caio,c.sousa,2021,1,1
5076,1,"Fico feliz em ver diariamente as pessoas se vacinando e postando em suas redes sociais. √â muito mais que uma simples foto ou v√≠deo, √© compartilhar com seus amigos a import√¢ncia de cada um fazer sua parte e se vacinar. S√≥ voltaremos a viver dias melhores com a vacina√ß√£o coletiva.",Cissa,cissabrettas,2021,1,1
5076,1,"Fico feliz em ver diariamente as pessoas se vacinando e postando em suas redes sociais. √â muito mais que uma simples foto ou v√≠deo, √© compartilhar com seus amigos a import√¢ncia de cada um fazer sua parte e se vacinar. S√≥ voltaremos a viver dias melhores com a vacina√ß√£o coletiva.",Pedro,plgodoi,2021,1,1
5076,1,"Fico feliz em ver diariamente as pessoas se vacinando e postando em suas redes sociais. √â muito mais que uma simples foto ou v√≠deo, √© compartilhar com seus amigos a import√¢ncia de cada um fazer sua parte e se vacinar. S√≥ voltaremos a viver dias melhores com a vacina√ß√£o coletiva.",Pamella,pamellagr,2021,1,1
5076,1,"Fico feliz em ver diariamente as pessoas se vacinando e postando em suas redes sociais. √â muito mais que uma simples foto ou v√≠deo, √© compartilhar com seus amigos a import√¢ncia de cada um fazer sua parte e se vacinar. S√≥ voltaremos a viver dias melhores com a vacina√ß√£o coletiva.",Mario,mario.rusinov,2021,1,1
5076,1,"Fico feliz em ver diariamente as pessoas se vacinando e postando em suas redes sociais. √â muito mais que uma simples foto ou v√≠deo, √© compartilhar com seus amigos a import√¢ncia de cada um fazer sua parte e se vacinar. S√≥ voltaremos a viver dias melhores com a vacina√ß√£o coletiva.",Caio,c.sousa,2021,1,1
5702,1,"@dailtonfilhoo A popula√ß√£o que chegou mais cedo para a vacina√ß√£o recebeu uma senha e ser√° prioridade na vacina√ß√£o amanh√£.",Cissa,cissabrettas,2021,1,1
5702,1,"@dailtonfilhoo A popula√ß√£o que chegou mais cedo para a vacina√ß√£o recebeu uma senha e ser√° prioridade na vacina√ß√£o amanh√£.",Pedro,plgodoi,2021,1,1
5702,1,"@dailtonfilhoo A popula√ß√£o que chegou mais cedo para a vacina√ß√£o recebeu uma senha e ser√° prioridade na vacina√ß√£o amanh√£.",Pamella,pamellagr,2021,1,1
5702,1,"@dailtonfilhoo A popula√ß√£o que chegou mais cedo para a vacina√ß√£o recebeu uma senha e ser√° prioridade na vacina√ß√£o amanh√£.",Mario,mario.rusinov,2021,1,1
5702,1,"@dailtonfilhoo A popula√ß√£o que chegou mais cedo para a vacina√ß√£o recebeu uma senha e ser√° prioridade na vacina√ß√£o amanh√£.",Caio,c.sousa,2021,1,1
5802,1,"Aniversariante do dia, Rui diz que vai comemorar recebendo as vacinas  ",Cissa,cissabrettas,2021,1,1
5802,1,"Aniversariante do dia, Rui diz que vai comemorar recebendo as vacinas  ",Pedro,plgodoi,2021,1,1
5802,1,"Aniversariante do dia, Rui diz que vai comemorar recebendo as vacinas  ",Pamella,pamellagr,2021,1,1
5802,1,"Aniversariante do dia, Rui diz que vai comemorar recebendo as vacinas  ",Mario,mario.rusinov,2021,1,1
5802,1,"Aniversariante do dia, Rui diz que vai comemorar recebendo as vacinas  ",Caio,c.sousa,2021,1,1
6051,1,"‚ö†Ô∏èAten√ß√£o‚ö†Ô∏è\n \n6Ô∏è‚É£5Ô∏è‚É£‚ûï Dose de refor√ßo: pessoas com 65 anos ou mais que completaram o esquema vacinal h√°, pelo menos, seis meses;\n\n‚è∞ Agendamento a partir das 19h desta quinta-feira (23/09) no üíâ Vacina√ß√£o a partir de amanh√£ (24/09);\n\n#RecifeVacina ",Cissa,cissabrettas,2021,1,1
6051,1,"‚ö†Ô∏èAten√ß√£o‚ö†Ô∏è\n \n6Ô∏è‚É£5Ô∏è‚É£‚ûï Dose de refor√ßo: pessoas com 65 anos ou mais que completaram o esquema vacinal h√°, pelo menos, seis meses;\n\n‚è∞ Agendamento a partir das 19h desta quinta-feira (23/09) no üíâ Vacina√ß√£o a partir de amanh√£ (24/09);\n\n#RecifeVacina ",Pedro,plgodoi,2021,1,1
6051,1,"‚ö†Ô∏èAten√ß√£o‚ö†Ô∏è\n \n6Ô∏è‚É£5Ô∏è‚É£‚ûï Dose de refor√ßo: pessoas com 65 anos ou mais que completaram o esquema vacinal h√°, pelo menos, seis meses;\n\n‚è∞ Agendamento a partir das 19h desta quinta-feira (23/09) no üíâ Vacina√ß√£o a partir de amanh√£ (24/09);\n\n#RecifeVacina ",Pamella,pamellagr,2021,1,1
6051,1,"‚ö†Ô∏èAten√ß√£o‚ö†Ô∏è\n \n6Ô∏è‚É£5Ô∏è‚É£‚ûï Dose de refor√ßo: pessoas com 65 anos ou mais que completaram o esquema vacinal h√°, pelo menos, seis meses;\n\n‚è∞ Agendamento a partir das 19h desta quinta-feira (23/09) no üíâ Vacina√ß√£o a partir de amanh√£ (24/09);\n\n#RecifeVacina ",Mario,mario.rusinov,2021,1,1
6051,1,"‚ö†Ô∏èAten√ß√£o‚ö†Ô∏è\n \n6Ô∏è‚É£5Ô∏è‚É£‚ûï Dose de refor√ßo: pessoas com 65 anos ou mais que completaram o esquema vacinal h√°, pelo menos, seis meses;\n\n‚è∞ Agendamento a partir das 19h desta quinta-feira (23/09) no üíâ Vacina√ß√£o a partir de amanh√£ (24/09);\n\n#RecifeVacina ",Caio,c.sousa,2021,1,1
6432,1,"A alegria de nossas equipes j√° diz tudo!üôèüèΩüôåüèΩ\n\n‚úÖüíâ J√° s√£o + de 3Ô∏è‚É£0Ô∏è‚É£0Ô∏è‚É£.0Ô∏è‚É£0Ô∏è‚É£0Ô∏è‚É£ mil doses de vacina contra a Covid aplicadas e a gente segue trabalhando dia e noite para que esse n√∫mero s√≥ cres√ßa e a vacina chegue para todo mundo. ",Cissa,cissabrettas,2021,1,1
6432,1,"A alegria de nossas equipes j√° diz tudo!üôèüèΩüôåüèΩ\n\n‚úÖüíâ J√° s√£o + de 3Ô∏è‚É£0Ô∏è‚É£0Ô∏è‚É£.0Ô∏è‚É£0Ô∏è‚É£0Ô∏è‚É£ mil doses de vacina contra a Covid aplicadas e a gente segue trabalhando dia e noite para que esse n√∫mero s√≥ cres√ßa e a vacina chegue para todo mundo. ",Pedro,plgodoi,2021,1,1
6432,1,"A alegria de nossas equipes j√° diz tudo!üôèüèΩüôåüèΩ\n\n‚úÖüíâ J√° s√£o + de 3Ô∏è‚É£0Ô∏è‚É£0Ô∏è‚É£.0Ô∏è‚É£0Ô∏è‚É£0Ô∏è‚É£ mil doses de vacina contra a Covid aplicadas e a gente segue trabalhando dia e noite para que esse n√∫mero s√≥ cres√ßa e a vacina chegue para todo mundo. ",Pamella,pamellagr,2021,1,1
6432,1,"A alegria de nossas equipes j√° diz tudo!üôèüèΩüôåüèΩ\n\n‚úÖüíâ J√° s√£o + de 3Ô∏è‚É£0Ô∏è‚É£0Ô∏è‚É£.0Ô∏è‚É£0Ô∏è‚É£0Ô∏è‚É£ mil doses de vacina contra a Covid aplicadas e a gente segue trabalhando dia e noite para que esse n√∫mero s√≥ cres√ßa e a vacina chegue para todo mundo. ",Mario,mario.rusinov,2021,1,1
6432,1,"A alegria de nossas equipes j√° diz tudo!üôèüèΩüôåüèΩ\n\n‚úÖüíâ J√° s√£o + de 3Ô∏è‚É£0Ô∏è‚É£0Ô∏è‚É£.0Ô∏è‚É£0Ô∏è‚É£0Ô∏è‚É£ mil doses de vacina contra a Covid aplicadas e a gente segue trabalhando dia e noite para que esse n√∫mero s√≥ cres√ßa e a vacina chegue para todo mundo. ",Caio,c.sousa,2021,1,1
6674,1,"Ap√≥s atravessarmos esta crise sanit√°ria, precisamos nos aprofundar nas discuss√µes e solu√ß√µes de alguns temas. Um deles √© o modelo de transporte p√∫blico existente no pa√≠s, que hoje est√° exaurido e precisa ser revisto. √â um setor que sofreu muito com a pandemia. #EntrevistaNoJota",Cissa,cissabrettas,2021,1,0
6674,1,"Ap√≥s atravessarmos esta crise sanit√°ria, precisamos nos aprofundar nas discuss√µes e solu√ß√µes de alguns temas. Um deles √© o modelo de transporte p√∫blico existente no pa√≠s, que hoje est√° exaurido e precisa ser revisto. √â um setor que sofreu muito com a pandemia. #EntrevistaNoJota",Pedro,plgodoi,2021,1,0
6674,1,"Ap√≥s atravessarmos esta crise sanit√°ria, precisamos nos aprofundar nas discuss√µes e solu√ß√µes de alguns temas. Um deles √© o modelo de transporte p√∫blico existente no pa√≠s, que hoje est√° exaurido e precisa ser revisto. √â um setor que sofreu muito com a pandemia. #EntrevistaNoJota",Pamella,pamellagr,2021,1,0
6674,1,"Ap√≥s atravessarmos esta crise sanit√°ria, precisamos nos aprofundar nas discuss√µes e solu√ß√µes de alguns temas. Um deles √© o modelo de transporte p√∫blico existente no pa√≠s, que hoje est√° exaurido e precisa ser revisto. √â um setor que sofreu muito com a pandemia. #EntrevistaNoJota",Mario,mario.rusinov,2021,1,0
6674,1,"Ap√≥s atravessarmos esta crise sanit√°ria, precisamos nos aprofundar nas discuss√µes e solu√ß√µes de alguns temas. Um deles √© o modelo de transporte p√∫blico existente no pa√≠s, que hoje est√° exaurido e precisa ser revisto. √â um setor que sofreu muito com a pandemia. #EntrevistaNoJota",Caio,c.sousa,2021,1,0
