id,n_round,content,first_name,username,year,correction,final_stance
1490,1,"Acabei de intermediar com @LeonardoBiofarm, presidente do @americadenatal, a disponibiliza√ß√£o da sede social do Am√©rica √† SMS para que l√° seja instalado um posto de vacina√ß√£o para os idosos.  #COVID„Éº19 #juntossomosmaisfortes #TodosContraOCoronaVirus",Gustavo,GusQTC,2020,1,favorable
1490,1,"Acabei de intermediar com @LeonardoBiofarm, presidente do @americadenatal, a disponibiliza√ß√£o da sede social do Am√©rica √† SMS para que l√° seja instalado um posto de vacina√ß√£o para os idosos.  #COVID„Éº19 #juntossomosmaisfortes #TodosContraOCoronaVirus","Jo√£o Pedro",joaopedroavk,2020,1,favorable
1490,1,"Acabei de intermediar com @LeonardoBiofarm, presidente do @americadenatal, a disponibiliza√ß√£o da sede social do Am√©rica √† SMS para que l√° seja instalado um posto de vacina√ß√£o para os idosos.  #COVID„Éº19 #juntossomosmaisfortes #TodosContraOCoronaVirus","Tom√°s",tomasribeiro,2020,1,favorable
1490,1,"Acabei de intermediar com @LeonardoBiofarm, presidente do @americadenatal, a disponibiliza√ß√£o da sede social do Am√©rica √† SMS para que l√° seja instalado um posto de vacina√ß√£o para os idosos.  #COVID„Éº19 #juntossomosmaisfortes #TodosContraOCoronaVirus",BRUNO,brunocastro,2020,1,favorable
1993,1,"#X√¥InsanidadeSanit√°ria Campanha de publicidade vencedora no Uruguai. Alerta, sem dizer uma palavra que #IgnoranciaMata. N√£o s√≥ o Ignorante mas todos aqueles que ele contamina. #SeCuidem #SeAfastem #UsemM√°scara #MantenhamCautelas ",Gustavo,GusQTC,2020,,""
1993,1,"#X√¥InsanidadeSanit√°ria Campanha de publicidade vencedora no Uruguai. Alerta, sem dizer uma palavra que #IgnoranciaMata. N√£o s√≥ o Ignorante mas todos aqueles que ele contamina. #SeCuidem #SeAfastem #UsemM√°scara #MantenhamCautelas ","Jo√£o Pedro",joaopedroavk,2020,,""
1993,1,"#X√¥InsanidadeSanit√°ria Campanha de publicidade vencedora no Uruguai. Alerta, sem dizer uma palavra que #IgnoranciaMata. N√£o s√≥ o Ignorante mas todos aqueles que ele contamina. #SeCuidem #SeAfastem #UsemM√°scara #MantenhamCautelas ","Tom√°s",tomasribeiro,2020,,""
1993,1,"#X√¥InsanidadeSanit√°ria Campanha de publicidade vencedora no Uruguai. Alerta, sem dizer uma palavra que #IgnoranciaMata. N√£o s√≥ o Ignorante mas todos aqueles que ele contamina. #SeCuidem #SeAfastem #UsemM√°scara #MantenhamCautelas ",BRUNO,brunocastro,2020,,""
2066,1,"Ao ministro Eduardo Pazuello, questionei sobre a produ√ß√£o e distribui√ß√£o de sedativos, adjuvantes na seda√ß√£o e relaxantes musculares utilizados no processo de intuba√ß√£o orotraqueal e sobre gastos e produ√ß√£o de rem√©dios com os compostos da cloroquina e hidroxicloroquina.",Gustavo,GusQTC,2020,1,unclear
2066,1,"Ao ministro Eduardo Pazuello, questionei sobre a produ√ß√£o e distribui√ß√£o de sedativos, adjuvantes na seda√ß√£o e relaxantes musculares utilizados no processo de intuba√ß√£o orotraqueal e sobre gastos e produ√ß√£o de rem√©dios com os compostos da cloroquina e hidroxicloroquina.","Jo√£o Pedro",joaopedroavk,2020,0,unclear
2066,1,"Ao ministro Eduardo Pazuello, questionei sobre a produ√ß√£o e distribui√ß√£o de sedativos, adjuvantes na seda√ß√£o e relaxantes musculares utilizados no processo de intuba√ß√£o orotraqueal e sobre gastos e produ√ß√£o de rem√©dios com os compostos da cloroquina e hidroxicloroquina.","Tom√°s",tomasribeiro,2020,1,unclear
2066,1,"Ao ministro Eduardo Pazuello, questionei sobre a produ√ß√£o e distribui√ß√£o de sedativos, adjuvantes na seda√ß√£o e relaxantes musculares utilizados no processo de intuba√ß√£o orotraqueal e sobre gastos e produ√ß√£o de rem√©dios com os compostos da cloroquina e hidroxicloroquina.",BRUNO,brunocastro,2020,1,unclear
2251,1,"Coronav√≠rus de Bolsonaro n√£o l√™ grupos de WhatsApp e por isso n√£o sabe que deve ir embora com cloroquina\n",Gustavo,GusQTC,2020,0,unclear
2251,1,"Coronav√≠rus de Bolsonaro n√£o l√™ grupos de WhatsApp e por isso n√£o sabe que deve ir embora com cloroquina\n","Jo√£o Pedro",joaopedroavk,2020,1,unclear
2251,1,"Coronav√≠rus de Bolsonaro n√£o l√™ grupos de WhatsApp e por isso n√£o sabe que deve ir embora com cloroquina\n","Tom√°s",tomasribeiro,2020,0,unclear
2251,1,"Coronav√≠rus de Bolsonaro n√£o l√™ grupos de WhatsApp e por isso n√£o sabe que deve ir embora com cloroquina\n",BRUNO,brunocastro,2020,1,unclear
2309,1,"Por que a cloroquina √© a cura para uma doen√ßa que eles dizem que n√£o existe? Como assim? Expliquem melhor pra gente! #Cloroquina #ForaBolsonaro",Gustavo,GusQTC,2020,0,unclear
2309,1,"Por que a cloroquina √© a cura para uma doen√ßa que eles dizem que n√£o existe? Como assim? Expliquem melhor pra gente! #Cloroquina #ForaBolsonaro","Jo√£o Pedro",joaopedroavk,2020,1,unclear
2309,1,"Por que a cloroquina √© a cura para uma doen√ßa que eles dizem que n√£o existe? Como assim? Expliquem melhor pra gente! #Cloroquina #ForaBolsonaro","Tom√°s",tomasribeiro,2020,0,unclear
2309,1,"Por que a cloroquina √© a cura para uma doen√ßa que eles dizem que n√£o existe? Como assim? Expliquem melhor pra gente! #Cloroquina #ForaBolsonaro",BRUNO,brunocastro,2020,0,unclear
2349,1,"A INSTRUMENTALIZA√á√ÉO POL√çTICA DO PODER JUDICI√ÅRIO √â O C√ÇNCER DE UMA DEMOCRACIA. N√£o queremos fechar o @STF_oficial , n√£o temos poder para isso, s√£o outros tempos. Mas, queremos que voc√™s CRIEM VERGONHA NA CARA E HAJAM COMO MINISTROS,N√ÉO COMO MILITANTES.  #STFVergonhaNacional",Gustavo,GusQTC,2020,,""
2349,1,"A INSTRUMENTALIZA√á√ÉO POL√çTICA DO PODER JUDICI√ÅRIO √â O C√ÇNCER DE UMA DEMOCRACIA. N√£o queremos fechar o @STF_oficial , n√£o temos poder para isso, s√£o outros tempos. Mas, queremos que voc√™s CRIEM VERGONHA NA CARA E HAJAM COMO MINISTROS,N√ÉO COMO MILITANTES.  #STFVergonhaNacional","Jo√£o Pedro",joaopedroavk,2020,,""
2349,1,"A INSTRUMENTALIZA√á√ÉO POL√çTICA DO PODER JUDICI√ÅRIO √â O C√ÇNCER DE UMA DEMOCRACIA. N√£o queremos fechar o @STF_oficial , n√£o temos poder para isso, s√£o outros tempos. Mas, queremos que voc√™s CRIEM VERGONHA NA CARA E HAJAM COMO MINISTROS,N√ÉO COMO MILITANTES.  #STFVergonhaNacional","Tom√°s",tomasribeiro,2020,,""
2349,1,"A INSTRUMENTALIZA√á√ÉO POL√çTICA DO PODER JUDICI√ÅRIO √â O C√ÇNCER DE UMA DEMOCRACIA. N√£o queremos fechar o @STF_oficial , n√£o temos poder para isso, s√£o outros tempos. Mas, queremos que voc√™s CRIEM VERGONHA NA CARA E HAJAM COMO MINISTROS,N√ÉO COMO MILITANTES.  #STFVergonhaNacional",BRUNO,brunocastro,2020,,""
2452,1,"Hoje √© o terceiro dia que eu me dedico a assistir v√≠deo-aulas de f√≠sica moderna e v√≠deos do Carl Sagan.",Gustavo,GusQTC,2020,,""
2452,1,"Hoje √© o terceiro dia que eu me dedico a assistir v√≠deo-aulas de f√≠sica moderna e v√≠deos do Carl Sagan.","Jo√£o Pedro",joaopedroavk,2020,,""
2452,1,"Hoje √© o terceiro dia que eu me dedico a assistir v√≠deo-aulas de f√≠sica moderna e v√≠deos do Carl Sagan.","Tom√°s",tomasribeiro,2020,,""
2452,1,"Hoje √© o terceiro dia que eu me dedico a assistir v√≠deo-aulas de f√≠sica moderna e v√≠deos do Carl Sagan.",BRUNO,brunocastro,2020,,""
2582,1,"Zanotto √© adepto do tratamento ambulatorial com hidroxicloroquina. ",Gustavo,GusQTC,2020,1,unclear
2582,1,"Zanotto √© adepto do tratamento ambulatorial com hidroxicloroquina. ","Jo√£o Pedro",joaopedroavk,2020,1,unclear
2582,1,"Zanotto √© adepto do tratamento ambulatorial com hidroxicloroquina. ","Tom√°s",tomasribeiro,2020,1,unclear
2582,1,"Zanotto √© adepto do tratamento ambulatorial com hidroxicloroquina. ",BRUNO,brunocastro,2020,0,unclear
2767,1,"(Artigo da psic√≥loga Marisa Lobo): ""Legal ou ilegal, o aborto causa traumas"" - #NalutacontraAborto ",Gustavo,GusQTC,2020,,""
2767,1,"(Artigo da psic√≥loga Marisa Lobo): ""Legal ou ilegal, o aborto causa traumas"" - #NalutacontraAborto ","Jo√£o Pedro",joaopedroavk,2020,,""
2767,1,"(Artigo da psic√≥loga Marisa Lobo): ""Legal ou ilegal, o aborto causa traumas"" - #NalutacontraAborto ","Tom√°s",tomasribeiro,2020,,""
2767,1,"(Artigo da psic√≥loga Marisa Lobo): ""Legal ou ilegal, o aborto causa traumas"" - #NalutacontraAborto ",BRUNO,brunocastro,2020,,""
3328,1,"A prioridade deveria ser opera√ß√µes m√©dicas, sanit√°rias e sociais, e n√£o opera√ß√£o policial. Desumanidade, a favela padece c/ o coronav√≠rus, falta √°gua e est√£o levando dias p/ retirar os corpos de familiares q morreram em casa, mas a a√ß√£o  do Estado vem do bra√ßo armado. At√© quando? ",Gustavo,GusQTC,2020,,""
3328,1,"A prioridade deveria ser opera√ß√µes m√©dicas, sanit√°rias e sociais, e n√£o opera√ß√£o policial. Desumanidade, a favela padece c/ o coronav√≠rus, falta √°gua e est√£o levando dias p/ retirar os corpos de familiares q morreram em casa, mas a a√ß√£o  do Estado vem do bra√ßo armado. At√© quando? ","Jo√£o Pedro",joaopedroavk,2020,,""
3328,1,"A prioridade deveria ser opera√ß√µes m√©dicas, sanit√°rias e sociais, e n√£o opera√ß√£o policial. Desumanidade, a favela padece c/ o coronav√≠rus, falta √°gua e est√£o levando dias p/ retirar os corpos de familiares q morreram em casa, mas a a√ß√£o  do Estado vem do bra√ßo armado. At√© quando? ","Tom√°s",tomasribeiro,2020,,""
3328,1,"A prioridade deveria ser opera√ß√µes m√©dicas, sanit√°rias e sociais, e n√£o opera√ß√£o policial. Desumanidade, a favela padece c/ o coronav√≠rus, falta √°gua e est√£o levando dias p/ retirar os corpos de familiares q morreram em casa, mas a a√ß√£o  do Estado vem do bra√ßo armado. At√© quando? ",BRUNO,brunocastro,2020,,""
4192,1,"@hznoficial Cadastro no SASI, cart√£o do SUS e documento original de identifica√ß√£o com foto.\n\nA carteira de vacina√ß√£o da covid √© entregue no ato da vacina, n√£o se preocupe com isso.",Priscila,Priscila,2021,1,favorable
4192,1,"@hznoficial Cadastro no SASI, cart√£o do SUS e documento original de identifica√ß√£o com foto.\n\nA carteira de vacina√ß√£o da covid √© entregue no ato da vacina, n√£o se preocupe com isso.",Victor,Victor_augustus,2021,1,favorable
4192,1,"@hznoficial Cadastro no SASI, cart√£o do SUS e documento original de identifica√ß√£o com foto.\n\nA carteira de vacina√ß√£o da covid √© entregue no ato da vacina, n√£o se preocupe com isso.",Lucas,lucas.chuba,2021,1,favorable
4192,1,"@hznoficial Cadastro no SASI, cart√£o do SUS e documento original de identifica√ß√£o com foto.\n\nA carteira de vacina√ß√£o da covid √© entregue no ato da vacina, n√£o se preocupe com isso.",Guilherme,GRMD,2021,1,favorable
4574,1,"Quantas vidas mais ser√£o abreviadas pelo COVID? A cada dia temos perdas irrepar√°veis, amigos, familiares, celebridades, s√≥ a universaliza√ß√£o da vacina√ß√£o resolver√°. Ter√° que ser feita anualmente, uma vez s√≥ n√£o bastar√°. ",Priscila,Priscila,2021,1,favorable
4574,1,"Quantas vidas mais ser√£o abreviadas pelo COVID? A cada dia temos perdas irrepar√°veis, amigos, familiares, celebridades, s√≥ a universaliza√ß√£o da vacina√ß√£o resolver√°. Ter√° que ser feita anualmente, uma vez s√≥ n√£o bastar√°. ",Victor,Victor_augustus,2021,1,favorable
4574,1,"Quantas vidas mais ser√£o abreviadas pelo COVID? A cada dia temos perdas irrepar√°veis, amigos, familiares, celebridades, s√≥ a universaliza√ß√£o da vacina√ß√£o resolver√°. Ter√° que ser feita anualmente, uma vez s√≥ n√£o bastar√°. ",Lucas,lucas.chuba,2021,1,favorable
4574,1,"Quantas vidas mais ser√£o abreviadas pelo COVID? A cada dia temos perdas irrepar√°veis, amigos, familiares, celebridades, s√≥ a universaliza√ß√£o da vacina√ß√£o resolver√°. Ter√° que ser feita anualmente, uma vez s√≥ n√£o bastar√°. ",Guilherme,GRMD,2021,1,favorable
4711,1,"Chapa #ResistirElutar inscrita. Mas continuaremos pressionando pelo adiamento da elei√ß√£o \n\nQueremos um pleito participativo e seguro. Vamos lutar pela vacina√ß√£o ampla da popula√ß√£o contra a pandemia de Covid-19 \n\n#VacinaJ√°\n#Sintufal \n#ForaBolsonaro ‚úäüèΩ ",Priscila,Priscila,2021,1,favorable
4711,1,"Chapa #ResistirElutar inscrita. Mas continuaremos pressionando pelo adiamento da elei√ß√£o \n\nQueremos um pleito participativo e seguro. Vamos lutar pela vacina√ß√£o ampla da popula√ß√£o contra a pandemia de Covid-19 \n\n#VacinaJ√°\n#Sintufal \n#ForaBolsonaro ‚úäüèΩ ",Victor,Victor_augustus,2021,1,favorable
4711,1,"Chapa #ResistirElutar inscrita. Mas continuaremos pressionando pelo adiamento da elei√ß√£o \n\nQueremos um pleito participativo e seguro. Vamos lutar pela vacina√ß√£o ampla da popula√ß√£o contra a pandemia de Covid-19 \n\n#VacinaJ√°\n#Sintufal \n#ForaBolsonaro ‚úäüèΩ ",Lucas,lucas.chuba,2021,1,favorable
4711,1,"Chapa #ResistirElutar inscrita. Mas continuaremos pressionando pelo adiamento da elei√ß√£o \n\nQueremos um pleito participativo e seguro. Vamos lutar pela vacina√ß√£o ampla da popula√ß√£o contra a pandemia de Covid-19 \n\n#VacinaJ√°\n#Sintufal \n#ForaBolsonaro ‚úäüèΩ ",Guilherme,GRMD,2021,1,favorable
5040,1,"?? Independente da vacina recebida na 1¬™ fase, esse grupo receber√° a da Pfizer, conforme recomenda√ß√£o do @minsaude e @anvisa_oficial . \n\n‚ÄºÔ∏è Documentos: Identidade com foto e cart√£o de vacina√ß√£o como o Certificado Digital de Vacina√ß√£o, dispon√≠vel no ",Priscila,Priscila,2021,1,favorable
5040,1,"?? Independente da vacina recebida na 1¬™ fase, esse grupo receber√° a da Pfizer, conforme recomenda√ß√£o do @minsaude e @anvisa_oficial . \n\n‚ÄºÔ∏è Documentos: Identidade com foto e cart√£o de vacina√ß√£o como o Certificado Digital de Vacina√ß√£o, dispon√≠vel no ",Victor,Victor_augustus,2021,1,favorable
5040,1,"?? Independente da vacina recebida na 1¬™ fase, esse grupo receber√° a da Pfizer, conforme recomenda√ß√£o do @minsaude e @anvisa_oficial . \n\n‚ÄºÔ∏è Documentos: Identidade com foto e cart√£o de vacina√ß√£o como o Certificado Digital de Vacina√ß√£o, dispon√≠vel no ",Lucas,lucas.chuba,2021,1,favorable
5040,1,"?? Independente da vacina recebida na 1¬™ fase, esse grupo receber√° a da Pfizer, conforme recomenda√ß√£o do @minsaude e @anvisa_oficial . \n\n‚ÄºÔ∏è Documentos: Identidade com foto e cart√£o de vacina√ß√£o como o Certificado Digital de Vacina√ß√£o, dispon√≠vel no ",Guilherme,GRMD,2021,1,favorable
5076,1,"Fico feliz em ver diariamente as pessoas se vacinando e postando em suas redes sociais. √â muito mais que uma simples foto ou v√≠deo, √© compartilhar com seus amigos a import√¢ncia de cada um fazer sua parte e se vacinar. S√≥ voltaremos a viver dias melhores com a vacina√ß√£o coletiva.",Priscila,Priscila,2021,1,favorable
5076,1,"Fico feliz em ver diariamente as pessoas se vacinando e postando em suas redes sociais. √â muito mais que uma simples foto ou v√≠deo, √© compartilhar com seus amigos a import√¢ncia de cada um fazer sua parte e se vacinar. S√≥ voltaremos a viver dias melhores com a vacina√ß√£o coletiva.",Victor,Victor_augustus,2021,1,favorable
5076,1,"Fico feliz em ver diariamente as pessoas se vacinando e postando em suas redes sociais. √â muito mais que uma simples foto ou v√≠deo, √© compartilhar com seus amigos a import√¢ncia de cada um fazer sua parte e se vacinar. S√≥ voltaremos a viver dias melhores com a vacina√ß√£o coletiva.",Lucas,lucas.chuba,2021,1,favorable
5076,1,"Fico feliz em ver diariamente as pessoas se vacinando e postando em suas redes sociais. √â muito mais que uma simples foto ou v√≠deo, √© compartilhar com seus amigos a import√¢ncia de cada um fazer sua parte e se vacinar. S√≥ voltaremos a viver dias melhores com a vacina√ß√£o coletiva.",Guilherme,GRMD,2021,1,favorable
5702,1,"@dailtonfilhoo A popula√ß√£o que chegou mais cedo para a vacina√ß√£o recebeu uma senha e ser√° prioridade na vacina√ß√£o amanh√£.",Priscila,Priscila,2021,1,favorable
5702,1,"@dailtonfilhoo A popula√ß√£o que chegou mais cedo para a vacina√ß√£o recebeu uma senha e ser√° prioridade na vacina√ß√£o amanh√£.",Victor,Victor_augustus,2021,1,favorable
5702,1,"@dailtonfilhoo A popula√ß√£o que chegou mais cedo para a vacina√ß√£o recebeu uma senha e ser√° prioridade na vacina√ß√£o amanh√£.",Lucas,lucas.chuba,2021,1,favorable
5702,1,"@dailtonfilhoo A popula√ß√£o que chegou mais cedo para a vacina√ß√£o recebeu uma senha e ser√° prioridade na vacina√ß√£o amanh√£.",Guilherme,GRMD,2021,1,favorable
5802,1,"Aniversariante do dia, Rui diz que vai comemorar recebendo as vacinas  ",Priscila,Priscila,2021,1,favorable
5802,1,"Aniversariante do dia, Rui diz que vai comemorar recebendo as vacinas  ",Victor,Victor_augustus,2021,1,favorable
5802,1,"Aniversariante do dia, Rui diz que vai comemorar recebendo as vacinas  ",Lucas,lucas.chuba,2021,1,favorable
5802,1,"Aniversariante do dia, Rui diz que vai comemorar recebendo as vacinas  ",Guilherme,GRMD,2021,1,favorable
6051,1,"‚ö†Ô∏èAten√ß√£o‚ö†Ô∏è\n \n6Ô∏è‚É£5Ô∏è‚É£‚ûï Dose de refor√ßo: pessoas com 65 anos ou mais que completaram o esquema vacinal h√°, pelo menos, seis meses;\n\n‚è∞ Agendamento a partir das 19h desta quinta-feira (23/09) no üíâ Vacina√ß√£o a partir de amanh√£ (24/09);\n\n#RecifeVacina ",Priscila,Priscila,2021,1,favorable
6051,1,"‚ö†Ô∏èAten√ß√£o‚ö†Ô∏è\n \n6Ô∏è‚É£5Ô∏è‚É£‚ûï Dose de refor√ßo: pessoas com 65 anos ou mais que completaram o esquema vacinal h√°, pelo menos, seis meses;\n\n‚è∞ Agendamento a partir das 19h desta quinta-feira (23/09) no üíâ Vacina√ß√£o a partir de amanh√£ (24/09);\n\n#RecifeVacina ",Victor,Victor_augustus,2021,1,favorable
6051,1,"‚ö†Ô∏èAten√ß√£o‚ö†Ô∏è\n \n6Ô∏è‚É£5Ô∏è‚É£‚ûï Dose de refor√ßo: pessoas com 65 anos ou mais que completaram o esquema vacinal h√°, pelo menos, seis meses;\n\n‚è∞ Agendamento a partir das 19h desta quinta-feira (23/09) no üíâ Vacina√ß√£o a partir de amanh√£ (24/09);\n\n#RecifeVacina ",Lucas,lucas.chuba,2021,1,favorable
6051,1,"‚ö†Ô∏èAten√ß√£o‚ö†Ô∏è\n \n6Ô∏è‚É£5Ô∏è‚É£‚ûï Dose de refor√ßo: pessoas com 65 anos ou mais que completaram o esquema vacinal h√°, pelo menos, seis meses;\n\n‚è∞ Agendamento a partir das 19h desta quinta-feira (23/09) no üíâ Vacina√ß√£o a partir de amanh√£ (24/09);\n\n#RecifeVacina ",Guilherme,GRMD,2021,1,favorable
6432,1,"A alegria de nossas equipes j√° diz tudo!üôèüèΩüôåüèΩ\n\n‚úÖüíâ J√° s√£o + de 3Ô∏è‚É£0Ô∏è‚É£0Ô∏è‚É£.0Ô∏è‚É£0Ô∏è‚É£0Ô∏è‚É£ mil doses de vacina contra a Covid aplicadas e a gente segue trabalhando dia e noite para que esse n√∫mero s√≥ cres√ßa e a vacina chegue para todo mundo. ",Priscila,Priscila,2021,1,favorable
6432,1,"A alegria de nossas equipes j√° diz tudo!üôèüèΩüôåüèΩ\n\n‚úÖüíâ J√° s√£o + de 3Ô∏è‚É£0Ô∏è‚É£0Ô∏è‚É£.0Ô∏è‚É£0Ô∏è‚É£0Ô∏è‚É£ mil doses de vacina contra a Covid aplicadas e a gente segue trabalhando dia e noite para que esse n√∫mero s√≥ cres√ßa e a vacina chegue para todo mundo. ",Victor,Victor_augustus,2021,1,favorable
6432,1,"A alegria de nossas equipes j√° diz tudo!üôèüèΩüôåüèΩ\n\n‚úÖüíâ J√° s√£o + de 3Ô∏è‚É£0Ô∏è‚É£0Ô∏è‚É£.0Ô∏è‚É£0Ô∏è‚É£0Ô∏è‚É£ mil doses de vacina contra a Covid aplicadas e a gente segue trabalhando dia e noite para que esse n√∫mero s√≥ cres√ßa e a vacina chegue para todo mundo. ",Lucas,lucas.chuba,2021,1,favorable
6432,1,"A alegria de nossas equipes j√° diz tudo!üôèüèΩüôåüèΩ\n\n‚úÖüíâ J√° s√£o + de 3Ô∏è‚É£0Ô∏è‚É£0Ô∏è‚É£.0Ô∏è‚É£0Ô∏è‚É£0Ô∏è‚É£ mil doses de vacina contra a Covid aplicadas e a gente segue trabalhando dia e noite para que esse n√∫mero s√≥ cres√ßa e a vacina chegue para todo mundo. ",Guilherme,GRMD,2021,1,favorable
6674,1,"Ap√≥s atravessarmos esta crise sanit√°ria, precisamos nos aprofundar nas discuss√µes e solu√ß√µes de alguns temas. Um deles √© o modelo de transporte p√∫blico existente no pa√≠s, que hoje est√° exaurido e precisa ser revisto. √â um setor que sofreu muito com a pandemia. #EntrevistaNoJota",Priscila,Priscila,2021,,""
6674,1,"Ap√≥s atravessarmos esta crise sanit√°ria, precisamos nos aprofundar nas discuss√µes e solu√ß√µes de alguns temas. Um deles √© o modelo de transporte p√∫blico existente no pa√≠s, que hoje est√° exaurido e precisa ser revisto. √â um setor que sofreu muito com a pandemia. #EntrevistaNoJota",Victor,Victor_augustus,2021,,""
6674,1,"Ap√≥s atravessarmos esta crise sanit√°ria, precisamos nos aprofundar nas discuss√µes e solu√ß√µes de alguns temas. Um deles √© o modelo de transporte p√∫blico existente no pa√≠s, que hoje est√° exaurido e precisa ser revisto. √â um setor que sofreu muito com a pandemia. #EntrevistaNoJota",Lucas,lucas.chuba,2021,,""
6674,1,"Ap√≥s atravessarmos esta crise sanit√°ria, precisamos nos aprofundar nas discuss√µes e solu√ß√µes de alguns temas. Um deles √© o modelo de transporte p√∫blico existente no pa√≠s, que hoje est√° exaurido e precisa ser revisto. √â um setor que sofreu muito com a pandemia. #EntrevistaNoJota",Guilherme,GRMD,2021,,""
